"id","statistic","observed","low","median","high","upper_tail"
"case01","mean_xobs",-0.0944819095370984,-0.321395764343703,-0.0928680891149426,0.137710335643617,0.505
"case01","mean_y",-0.0894048636608797,-0.292038743736353,-0.0890936985253807,0.111367581813198,0.501125
"case01","sd_xobs",1.2518249284733,1.09601218660188,1.24869321418622,1.42479195972031,0.4864375
"case01","sd_y",1.09508705271065,0.962443345393979,1.09666969121294,1.25107432349443,0.5089375
"case01","cov_xobs_y",0.899033062885555,0.618606741490918,0.890073596403,1.23443349238036,0.4820625
"case02","mean_xobs",-0.0944819095370984,-0.319194598261897,-0.092224724424866,0.139681783029066,0.507
"case02","mean_y",-0.0894048636608797,-0.293135834930593,-0.0897200684791753,0.113126416727751,0.4991875
"case02","sd_xobs",1.2518249284733,1.09435413764579,1.2471177615326,1.41900346197614,0.4801875
"case02","sd_y",1.09508705271065,0.963608401532247,1.09697198531719,1.25065820632358,0.5085625
"case02","cov_xobs_y",0.899033062885555,0.623353520002138,0.889936159839805,1.23402698583277,0.4798125
"case03","mean_xobs",-0.0944819095370984,-0.324387914086393,-0.0945406422737447,0.137993100927209,0.4999375
"case03","mean_y",-0.0894048636608797,-0.289496939229744,-0.0871977439807901,0.113161319609924,0.5075
"case03","sd_xobs",1.2518249284733,1.09098707066748,1.24525153375069,1.41849784943934,0.472375
"case03","sd_y",1.09508705271065,0.960179157065576,1.09570394684472,1.25289102570029,0.5025625
"case03","cov_xobs_y",0.899033062885555,0.61699680890667,0.887470465313105,1.23114451457087,0.475875
"case04","mean_xobs",-0.0944819095370984,-0.318604921633306,-0.0943406603244332,0.135677227011823,0.5003125
"case04","mean_y",-0.0894048636608797,-0.289414214132489,-0.0884561320687473,0.110776052431717,0.503
"case04","sd_xobs",1.2518249284733,1.08937502776784,1.24332225569192,1.41444837220049,0.4666875
"case04","sd_y",1.09508705271065,0.962667928369063,1.09436809456349,1.24561596110263,0.497
"case04","cov_xobs_y",0.899033062885555,0.619745406919339,0.886088682826002,1.22722940274647,0.4739375
"case05","mean_xobs",-0.0944819095370984,-0.319970136676411,-0.0929353042832028,0.13667878488248,0.5038125
"case05","mean_y",-0.0894048636608797,-0.290943683580366,-0.0894642244332474,0.117373078667551,0.4995625
"case05","sd_xobs",1.2518249284733,1.09000009041045,1.23657256920335,1.40703408772221,0.43675
"case05","sd_y",1.09508705271065,0.95902073522125,1.09567687350214,1.25159110907783,0.5025625
"case05","cov_xobs_y",0.899033062885555,0.621195131569335,0.888713560862564,1.23044062104034,0.477625
"case06","mean_xobs",-0.0944819095370984,-0.333581712680282,-0.0900775501840329,0.153073512501325,0.512125
"case06","mean_y",-0.0894048636608797,-0.292699762822761,-0.0872031985328756,0.117186676655139,0.507625
"case06","sd_xobs",1.2518249284733,1.19016182649211,1.33735262433664,1.505191663589,0.8193125
"case06","sd_y",1.09508705271065,0.961124850405075,1.09426967462898,1.24836842233271,0.4965625
"case06","cov_xobs_y",0.899033062885555,0.603625366286468,0.888109829328822,1.25041636895185,0.4779375
"case07","mean_xobs",-0.0944819095370984,-0.323459404844492,-0.0935576149427916,0.138176042532136,0.5026875
"case07","mean_y",-0.0894048636608797,-0.290525828995004,-0.0896113709539206,0.111489061736881,0.4995
"case07","sd_xobs",1.2518249284733,1.09934297349524,1.25527186257617,1.42688097471293,0.515375
"case07","sd_y",1.09508705271065,0.955857655950135,1.09036546479974,1.24377840238272,0.4783125
"case07","cov_xobs_y",0.899033062885555,0.611091056314925,0.883895484040283,1.22655968734729,0.4685625
"case08","mean_xobs",-0.0944819095370984,-0.316600888554477,-0.0916457260077463,0.137987581664843,0.5078125
"case08","mean_y",-0.0894048636608797,-0.289901309315386,-0.0892540028425173,0.11724463039674,0.500375
"case08","sd_xobs",1.2518249284733,1.09330336876704,1.24280112929656,1.41425396328919,0.46575
"case08","sd_y",1.09508705271065,0.961117153265362,1.09799353016818,1.25161759471247,0.5111875
"case08","cov_xobs_y",0.899033062885555,0.618716139039655,0.889987692176163,1.23234667418344,0.48075
"case09","mean_xobs",-0.0944819095370984,-0.323886813298504,-0.0921031349168901,0.138513269407012,0.5073125
"case09","mean_y",-0.0894048636608797,-0.289482520798741,-0.0874233777819976,0.113607097985572,0.5065625
"case09","sd_xobs",1.2518249284733,1.09304602104173,1.24456263658325,1.41583485791777,0.469
"case09","sd_y",1.09508705271065,0.961847892503764,1.09579373356524,1.249711969918,0.5038125
"case09","cov_xobs_y",0.899033062885555,0.620171890882708,0.886268669653611,1.23189155104925,0.4733125
"case10","mean_xobs",-0.0944819095370984,-0.325872424714696,-0.0919090179681515,0.137929782643141,0.508
"case10","mean_y",-0.0894048636608797,-0.289246045667582,-0.0876707602927109,0.115726830504545,0.5065
"case10","sd_xobs",1.2518249284733,1.0904766445341,1.24471185225184,1.41817678770788,0.472
"case10","sd_y",1.09508705271065,0.960997804007855,1.09523258292338,1.25239208853955,0.5006875
"case10","cov_xobs_y",0.899033062885555,0.622703208232126,0.890637925929092,1.24026751725204,0.4829375
"case11","mean_xobs",-0.0944819095370984,-0.324487138719105,-0.0940281151895834,0.139970870057698,0.5010625
"case11","mean_y",-0.0894048636608797,-0.287719090409499,-0.087911765979366,0.115182915311534,0.5053125
"case11","sd_xobs",1.2518249284733,1.11378144853041,1.26216998574422,1.43203102532,0.5444375
"case11","sd_y",1.09508705271065,0.957022016401707,1.09182882551384,1.24190932991565,0.4846875
"case11","cov_xobs_y",0.899033062885555,0.627041840279589,0.900432017933844,1.23742934093765,0.5033125
"case12","mean_xobs",-0.0944819095370984,-0.318253665555098,-0.0939667755746073,0.135188493556798,0.5011875
"case12","mean_y",-0.0894048636608797,-0.291455834908632,-0.0880607483572735,0.114474792410832,0.5040625
"case12","sd_xobs",1.2518249284733,1.08164505575319,1.22861614734974,1.40203437597369,0.4040625
"case12","sd_y",1.09508705271065,0.961919421115908,1.09609417033413,1.24959604034819,0.5038125
"case12","cov_xobs_y",0.899033062885555,0.619456806058763,0.884201705207506,1.22354813871884,0.46925
"case13","mean_xobs",-0.0944819095370984,-0.322636938567572,-0.0937844316634812,0.141893740346811,0.5016875
"case13","mean_y",-0.0894048636608797,-0.291053663603464,-0.0904344273663997,0.115698636770601,0.4969375
"case13","sd_xobs",1.2518249284733,1.09098027904231,1.23930194591962,1.40898385830138,0.4488125
"case13","sd_y",1.09508705271065,0.960913024703308,1.09529625305295,1.24630402058372,0.50075
"case13","cov_xobs_y",0.899033062885555,0.623331404404395,0.888977883936406,1.23013861153809,0.4781875
"case14","mean_xobs",-0.0944819095370984,-0.323132332469368,-0.0929618866583354,0.131358276499565,0.504125
"case14","mean_y",-0.0894048636608797,-0.290919867037255,-0.0889339066933934,0.112065949684133,0.50175
"case14","sd_xobs",1.2518249284733,1.08753636003523,1.23425836372042,1.40181622991329,0.426125
"case14","sd_y",1.09508705271065,0.960394549687498,1.09473239904389,1.24897986393728,0.498375
"case14","cov_xobs_y",0.899033062885555,0.627175963693966,0.89354226400311,1.22967355068087,0.4885625
